2452001,8515F918D7DEDC0EAAACFD32B547ABA5,Implosion,D. F. Jones,,,English,1967,G.P. Putnam's Sons,,,,,2452000/8515f918d7dedc0eaaacfd32b547aba5-g.jpg,pdf,9009439,,,implosion-df-jones_compress.pdf,,,,2022-04-10 09:35:28,2022-04-10 14:00:31
2452002,85D4E2D7FBC1EEA595DB5B7C7CC0B812,The Crosskiller,Marcel Montecino,,,English,1988,Arbor House Pub Co,493,"0877959080,9780877959083",,,2452000/85d4e2d7fbc1eea595db5b7c7cc0b812-d.jpg,pdf,27944047,,,"Montecino, Marcel - The Crosskiller (1988) (English, Arbor House - William Morrow).pdf",,,,2022-04-10 10:09:21,2022-04-10 14:00:31
2452003,6BA21FDE6EB0C8177363D92278372288,ΤΑ ΠΛΟΙΑ ΔΕΝ ΑΡΑΞΑΝ,Μενέλαος Λουντέμης,,,Greek,,,,,,,2452000/6ba21fde6eb0c8177363d92278372288-g.jpg,pdf,4422280,,,ΤΑ ΠΛΟΙΑ ΔΕΝ ΑΡΑΞΑΝ - Μενέλαος Λουντέμης.pdf,,,,2022-04-10 10:11:26,2022-04-10 14:00:31
2452004,ED5050CC5C31A0F6FDF5019A10AB854E,Big Time,Marcel Montecino,,1,English,1990,William Morrow & Co,493,"0688093744,9780688093747",,,2452000/ed5050cc5c31a0f6fdf5019a10ab854e-d.jpg,pdf,80900166,,,"Montecino, Marcel - Big Time (1990) (English, William Morrow).pdf",,,,2022-04-10 10:11:53,2022-04-10 14:00:31
2452005,BF4BCF0D466856FE29C010820FFDD5CD,Sacred Heart,Marcel Montecino,,,English,1997,Pocket Books,376,"0671932101,9780671932107",,,2452000/bf4bcf0d466856fe29c010820ffdd5cd-d.jpg,pdf,56065071,,,"Montecino, Marcel - Sacred Heart (1997) (English, Pocket Books).pdf",,,,2022-04-10 10:16:31,2022-04-10 14:00:31
2452006,717CC79881D8025490D6E30B3DDA1BC3,Shtulls' Curse Part 1,John Domus Cruo,,,English,2021,,,,,B09CV9TK26,2452000/717cc79881d8025490d6e30b3dda1bc3-g.jpg,epub,488070,,,John Domus Cruo - Shtull's Curse 01 - Shtulls' Curse Part 1.epub,,,,2022-04-10 10:42:01,2022-04-10 14:00:31
2452007,FC4CC722D429D3DB0A1B41D0F7F58E81,Η ΚΥΡΙΑ ΚΟΥΛΑ,Μένης Κουμανταρέας,,,Greek,,,,,,,2452000/fc4cc722d429d3db0a1b41d0f7f58e81-g.jpg,pdf,2417309,,,Η ΚΥΡΙΑ ΚΟΥΛΑ - Μένης Κουμανταρέας.pdf,,,,2022-04-10 10:42:30,2022-04-10 14:00:31
2452008,8280311C7412F43A4F55FCA7B449099D,The Person Controller,David Baddiel; Jim Field,The Blockbuster Baddiel Box,,English,2016,HarperCollinsChildren’sBooks,384,"0007554540,9780007554546",,B00XH88B4E,2452000/8280311c7412f43a4f55fca7b449099d-d.jpg,epub,2871350,,,The Person Controller - David Baddiel.epub,,,,2022-04-10 10:51:08,2022-04-10 14:00:31
2452009,439CC1B5A751FD22DAC4B4CD58C0E810,"ΤΡΕΙΣ ΑΙΩΝΕΣ, ΜΙΑ ΖΩΗ",Φιλιώ Χαϊδεμένου,,,Greek,,,,,,,2452000/439cc1b5a751fd22dac4b4cd58c0e810-g.jpg,pdf,15701552,,,"ΤΡΕΙΣ ΑΙΩΝΕΣ, ΜΙΑ ΖΩΗ - Φιλιώ Χαϊδεμένου.pdf",,,,2022-04-10 10:52:03,2022-04-10 14:00:31
2452010,60932E85202FB64B0E306177D4E5A885,Slingshot,Cyrée Jarelle Johnson,,,English,2019,Nightboat Books,80,"1643620096,9781643620091",,,2452000/60932e85202fb64b0e306177d4e5a885-d.jpg,pdf,1692526,,,slingshot.pdf,,,,2022-04-10 11:03:55,2022-04-10 15:00:02
2452011,935467D6A34465BDC0658B273FECF478,Le Briseur de rosée: roman,Edwidge Danticat; Jacques Chabert,,,French,2005,Les Éditions du Boréal,288,"2764603827,9782764603826",,,2452000/935467d6a34465bdc0658b273fecf478-d.jpg,pdf,12136339,Internet Archive,,"Le briseur de rosee _ roman - Danticat, Edwidge, 1969-.pdf",,,,2022-04-10 11:25:38,2022-04-10 15:00:38
2452012,FA73C25B7435F7D4630BB28B8DAA0EEE,Band of Broken Gods,Ryan Kirk,Broken Gods 1,,English,,Waterstone Media,,9781953692054,,,2452000/fa73c25b7435f7d4630bb28b8daa0eee-g.jpg,epub,595099,,,Ryan Kirk - Broken Gods 01 - Band of Broken Gods.epub,,,,2022-04-10 12:02:15,2022-04-10 16:00:01
2452013,354970F444C0BCF2442AFDCBA1323D13,Fall of Forgotten Gods,Ryan Kirk,Broken Gods 2,,English,,Waterstone Media,,,,,2452000/354970f444c0bcf2442afdcba1323d13-g.jpg,epub,804947,,,Ryan Kirk - Broken Gods 02 - Fall of Forgotten Gods.epub,,,,2022-04-10 12:02:29,2022-04-10 16:00:20
2452014,105BFEBFC1C59EC8201D700F06328C75,Last Sword in the West,Ryan Kirk,Last Sword in the West 1,,English,,Waterstone Media,,9781953692023,,,2452000/105bfebfc1c59ec8201d700f06328c75-g.jpg,epub,472177,,,Ryan Kirk - Last Sword in the West 01 - Last Sword in the West.epub,,,,2022-04-10 12:02:51,2022-04-10 16:00:20
2452015,327AF3343FC72F601DF2BB776960D0AB,Eyes of the Hidden World,Ryan Kirk,Last Sword in the West 2,,English,,Waterstone Media,,9781953692016,,,2452000/327af3343fc72f601df2bb776960d0ab-g.jpg,epub,598445,,,Ryan Kirk - Last Sword in the West 02 - Eyes of the Hidden World.epub,,,,2022-04-10 12:03:09,2022-04-10 16:00:21
2452016,1CE84B3CCA47E9558A22C0FE88C27C90,A Sword Named Vengeance,Ryan Kirk,Last Sword in the West 3,,English,,Waterstone Media,,,,,2452000/1ce84b3cca47e9558a22c0fe88c27c90-g.jpg,epub,629070,,,Ryan Kirk - Last Sword in the West 03 - A Sword Named Vengeance.epub,,,,2022-04-10 12:03:28,2022-04-10 16:00:21
2452017,CB29D23C3B5697CBDD563FB2F918336B,Η ΑΡΡΑΒΩΝΙΑΣΤΙΚΙΑ ΤΟΥ ΑΧΙΛΛΕΑ,Άλκης Ζέη,,,Greek,,,,,,,2452000/cb29d23c3b5697cbdd563fb2f918336b-g.jpg,pdf,12620372,,,Η ΑΡΡΑΒΩΝΙΑΣΤΙΚΙΑ ΤΟΥ ΑΧΙΛΛΕΑ - Άλκης Ζέη.pdf,,,,2022-04-10 12:39:33,2022-04-10 16:00:21
2452018,85918FE47D9E127D1D3DFB1B8B999D38,Ο ΜΕΓΑΛΟΣ ΠΕΡΙΠΑΤΟΣ ΤΟΥ ΠΕΤΡΟΥ,Άλκης Ζέη,,,Greek,,,,9789605660369,,,2452000/85918fe47d9e127d1d3dfb1b8b999d38-g.jpg,pdf,2097957,,,Ο ΜΕΓΑΛΟΣ ΠΕΡΙΠΑΤΟΣ ΤΟΥ ΠΕΤΡΟΥ - Άλκης Ζέη.pdf,,,,2022-04-10 12:42:36,2022-04-10 16:00:21
